Fri Jun 28 19:40:06 +0000 2019 , RT @CarolinaBolado: Craig Wright  the self-professed inventor of bitcoin  is testifying today in a West Palm Beach federal courtroom aboutâ€¦ 
Fri Jun 28 19:40:06 +0000 2019 , Bull Bitcoin CEO Pouliot: SegWit Activation Process Showed Value of Running aÂ Node https://t.co/fywSQA8cmT https://t.co/uxVdAJ4V11 
Fri Jun 28 19:40:06 +0000 2019 , Bitcoin Climbs 10% In Bullish Trade #bitcoin https://t.co/BmCq2DpONg 
Fri Jun 28 19:40:06 +0000 2019 , RT @CarolinaBolado: Craig Wright  the self-professed inventor of bitcoin  is testifying today in a West Palm Beach federal courtroom aboutâ€¦ 
Fri Jun 28 19:40:05 +0000 2019 , Bitcoin Price Analysis: BTC Downtrend Likely Started  Could Reach $8500 https://t.co/sV6ARRoMx7 #blockchain #cryptoâ€¦ https://t.co/IKJwlFd1Kf 
Fri Jun 28 19:40:04 +0000 2019 , RT @RussellOkung: When you thought Bitcoin was done #bitcoinisback https://t.co/yvCFGMSNCr 
Fri Jun 28 19:40:04 +0000 2019 , RT @KevinLWalker: Bitcoin at $12 040 XRP at $.47 Cardano at $.098 ğŸš€  https://t.co/PrpOsDOyCx 
Fri Jun 28 19:40:04 +0000 2019 , Iranâ€™s blame-it-on-Bitcoin â€˜leccy shortage probably isnâ€™t a US hack cover storyâ€¦ yet (The Register) https://t.co/yBXhYNqBFP 
Fri Jun 28 19:40:04 +0000 2019 , Trader Who Called Current Bitcoin Rally Warns of Altcoin â€˜Dot Com Bubbleâ€™ https://t.co/W2p3nfqWg9 #blockchainâ€¦ https://t.co/w3Px0M5Fg0 
Fri Jun 28 19:40:04 +0000 2019 , RT @tangleblog: People ask me why I'm critical of #Bitcoin. I think people that want BTC to succeed hate regulation  taxes and they want aâ€¦ 
Fri Jun 28 19:40:04 +0000 2019 , Bitcoin. Buyers could not stand the maximum of 136... 27.06.2019: Authors: Forex analysis review The crazy growth oâ€¦ https://t.co/BBaeqoMaeC 
Fri Jun 28 19:40:04 +0000 2019 , Don't use the money you can afford to lose! Don't abuse of such a stupid excuse to trade #Bitcoin without muse. A loss is always a bad news. 
Fri Jun 28 19:40:03 +0000 2019 , Idiote schommelingen: de Bitcoin-gekte is weer losgebarsten https://t.co/9zt6xntELk https://t.co/Ez6qExnHxL 
Fri Jun 28 19:40:03 +0000 2019 , RT @frankchang09: @juanbiter Por quÃ© hay cientos de monedas fiduciarias y solo 4 son las mejores? Y por quÃ© razÃ³n no se han unido todas enâ€¦ 
Fri Jun 28 19:40:02 +0000 2019 , Top 5 #cryptocurrencies   Alert Time: 2019-06-28 22:40:02 #Bitcoin: $12 317.854 #Ethereum: $312.437 #XRP: $0.422â€¦ https://t.co/PKW20tLWtb 
Fri Jun 28 19:40:24 +0000 2019 , RT @dliedtka: The Australian man who claims he created Bitcoin said in court that he canâ€™t produce a list of all his early Bitcoin addresseâ€¦ 
Fri Jun 28 19:40:22 +0000 2019 , RT @jimmysong: Why not altcoins? It's not decentralized Why not gold? It's not digital Why not dollars? It's not scarce  Why Bitcoin? Decenâ€¦ 
Fri Jun 28 19:40:18 +0000 2019 , ğŸ”¥ $NDYN: RALLYING INTO THE CLOSE AS #BITCOIN SOARS!!  FLOAT=18M--- $SHMP RAN SUB-PENNY TO .95 ON 300M FLOAT--THINKâ€¦ https://t.co/OjLl19TraB 
Fri Jun 28 19:40:15 +0000 2019 , @CryptoReview_ie @fundstrat Not a good return for the risk imo. Buy Bitcoin! 
Fri Jun 28 19:40:15 +0000 2019 , Andrew Yang looks and sounds like the kind of guy who ordered a Tesla two years ago  still hasn't gotten it  but asâ€¦ https://t.co/P5oTA2yhtd 
Fri Jun 28 19:40:15 +0000 2019 , RT @vitelabs: Can you imagine a world where #bitcoin trading happens in under one second?   Oh wait  it's already here. Check out the publiâ€¦ 
Fri Jun 28 19:40:13 +0000 2019 , @resolutemex Forgot Bitcoin Core ğŸ˜‚ 
Fri Jun 28 19:40:13 +0000 2019 , #bitcoin Climbs 10% In Bullish Trade #_NewsLowerCase_preInvesting.comBitcoinIndex_NewsLowerCase_post _NewsLowerCaseâ€¦ https://t.co/2LYfx0yqHe 
Fri Jun 28 19:40:13 +0000 2019 , [~ğŸ“ˆPRICE CHANGEğŸ“ˆ~]  #BTCUSD   Price: 12299.00000000 Change:0.64% https://t.co/gVojP95cUw 
Fri Jun 28 19:40:13 +0000 2019 , RT @GreenMoneyToken: ğŸ60000 $KIN GiveawayğŸ  The winners will pickup from the first 1000 followers.  ğŸ¥‡30000 KINğŸ ğŸ¥ˆ20000 KINğŸ ğŸ¥‰10000 KINğŸ  1-â€¦ 
Fri Jun 28 19:40:11 +0000 2019 , #BitcoinIsBack #bitcoin #CashAppFriday https://t.co/o5UZu5kRcP 
Fri Jun 28 19:40:10 +0000 2019 , "Bitcoin surges past $13 000 then sheds about 13% - CNN" #fintech #blockchain #crypto https://t.co/Ei5uOFeOBM 
Fri Jun 28 19:40:07 +0000 2019 , Let's see if this #bitcoin correction doesn't become a larger abc one. You'll know if it fails near the recent highâ€¦ https://t.co/BcTGjh8dOC 
Fri Jun 28 19:40:24 +0000 2019 , RT @dliedtka: The Australian man who claims he created Bitcoin said in court that he canâ€™t produce a list of all his early Bitcoin addresseâ€¦ 
Fri Jun 28 19:40:22 +0000 2019 , RT @jimmysong: Why not altcoins? It's not decentralized Why not gold? It's not digital Why not dollars? It's not scarce  Why Bitcoin? Decenâ€¦ 
Fri Jun 28 19:40:18 +0000 2019 , ğŸ”¥ $NDYN: RALLYING INTO THE CLOSE AS #BITCOIN SOARS!!  FLOAT=18M--- $SHMP RAN SUB-PENNY TO .95 ON 300M FLOAT--THINKâ€¦ https://t.co/OjLl19TraB 
Fri Jun 28 19:40:15 +0000 2019 , @CryptoReview_ie @fundstrat Not a good return for the risk imo. Buy Bitcoin! 
Fri Jun 28 19:40:15 +0000 2019 , Andrew Yang looks and sounds like the kind of guy who ordered a Tesla two years ago  still hasn't gotten it  but asâ€¦ https://t.co/P5oTA2yhtd 
Fri Jun 28 19:40:15 +0000 2019 , RT @vitelabs: Can you imagine a world where #bitcoin trading happens in under one second?   Oh wait  it's already here. Check out the publiâ€¦ 
Fri Jun 28 19:40:13 +0000 2019 , @resolutemex Forgot Bitcoin Core ğŸ˜‚ 
Fri Jun 28 19:40:13 +0000 2019 , #bitcoin Climbs 10% In Bullish Trade #_NewsLowerCase_preInvesting.comBitcoinIndex_NewsLowerCase_post _NewsLowerCaseâ€¦ https://t.co/2LYfx0yqHe 
Fri Jun 28 19:40:13 +0000 2019 , [~ğŸ“ˆPRICE CHANGEğŸ“ˆ~]  #BTCUSD   Price: 12299.00000000 Change:0.64% https://t.co/gVojP95cUw 
Fri Jun 28 19:40:13 +0000 2019 , RT @GreenMoneyToken: ğŸ60000 $KIN GiveawayğŸ  The winners will pickup from the first 1000 followers.  ğŸ¥‡30000 KINğŸ ğŸ¥ˆ20000 KINğŸ ğŸ¥‰10000 KINğŸ  1-â€¦ 
Fri Jun 28 19:40:11 +0000 2019 , #BitcoinIsBack #bitcoin #CashAppFriday https://t.co/o5UZu5kRcP 
Fri Jun 28 19:40:10 +0000 2019 , "Bitcoin surges past $13 000 then sheds about 13% - CNN" #fintech #blockchain #crypto https://t.co/Ei5uOFeOBM 
Fri Jun 28 19:40:07 +0000 2019 , Let's see if this #bitcoin correction doesn't become a larger abc one. You'll know if it fails near the recent highâ€¦ https://t.co/BcTGjh8dOC 
Fri Jun 28 19:40:24 +0000 2019 , RT @dliedtka: The Australian man who claims he created Bitcoin said in court that he canâ€™t produce a list of all his early Bitcoin addresseâ€¦ 
Fri Jun 28 19:40:22 +0000 2019 , RT @jimmysong: Why not altcoins? It's not decentralized Why not gold? It's not digital Why not dollars? It's not scarce  Why Bitcoin? Decenâ€¦ 
Fri Jun 28 19:40:18 +0000 2019 , ğŸ”¥ $NDYN: RALLYING INTO THE CLOSE AS #BITCOIN SOARS!!  FLOAT=18M--- $SHMP RAN SUB-PENNY TO .95 ON 300M FLOAT--THINKâ€¦ https://t.co/OjLl19TraB 
Fri Jun 28 19:40:15 +0000 2019 , @CryptoReview_ie @fundstrat Not a good return for the risk imo. Buy Bitcoin! 
Fri Jun 28 19:40:15 +0000 2019 , Andrew Yang looks and sounds like the kind of guy who ordered a Tesla two years ago  still hasn't gotten it  but asâ€¦ https://t.co/P5oTA2yhtd 
Fri Jun 28 19:40:15 +0000 2019 , RT @vitelabs: Can you imagine a world where #bitcoin trading happens in under one second?   Oh wait  it's already here. Check out the publiâ€¦ 
Fri Jun 28 19:40:13 +0000 2019 , @resolutemex Forgot Bitcoin Core ğŸ˜‚ 
Fri Jun 28 19:40:13 +0000 2019 , #bitcoin Climbs 10% In Bullish Trade #_NewsLowerCase_preInvesting.comBitcoinIndex_NewsLowerCase_post _NewsLowerCaseâ€¦ https://t.co/2LYfx0yqHe 
Fri Jun 28 19:40:13 +0000 2019 , [~ğŸ“ˆPRICE CHANGEğŸ“ˆ~]  #BTCUSD   Price: 12299.00000000 Change:0.64% https://t.co/gVojP95cUw 
Fri Jun 28 19:40:13 +0000 2019 , RT @GreenMoneyToken: ğŸ60000 $KIN GiveawayğŸ  The winners will pickup from the first 1000 followers.  ğŸ¥‡30000 KINğŸ ğŸ¥ˆ20000 KINğŸ ğŸ¥‰10000 KINğŸ  1-â€¦ 
Fri Jun 28 19:40:11 +0000 2019 , #BitcoinIsBack #bitcoin #CashAppFriday https://t.co/o5UZu5kRcP 
Fri Jun 28 19:40:10 +0000 2019 , "Bitcoin surges past $13 000 then sheds about 13% - CNN" #fintech #blockchain #crypto https://t.co/Ei5uOFeOBM 
Fri Jun 28 19:40:07 +0000 2019 , Let's see if this #bitcoin correction doesn't become a larger abc one. You'll know if it fails near the recent highâ€¦ https://t.co/BcTGjh8dOC 
Fri Jun 28 19:40:24 +0000 2019 , RT @dliedtka: The Australian man who claims he created Bitcoin said in court that he canâ€™t produce a list of all his early Bitcoin addresseâ€¦ 
Fri Jun 28 19:40:22 +0000 2019 , RT @jimmysong: Why not altcoins? It's not decentralized Why not gold? It's not digital Why not dollars? It's not scarce  Why Bitcoin? Decenâ€¦ 
Fri Jun 28 19:40:18 +0000 2019 , ğŸ”¥ $NDYN: RALLYING INTO THE CLOSE AS #BITCOIN SOARS!!  FLOAT=18M--- $SHMP RAN SUB-PENNY TO .95 ON 300M FLOAT--THINKâ€¦ https://t.co/OjLl19TraB 
Fri Jun 28 19:40:15 +0000 2019 , @CryptoReview_ie @fundstrat Not a good return for the risk imo. Buy Bitcoin! 
Fri Jun 28 19:40:15 +0000 2019 , Andrew Yang looks and sounds like the kind of guy who ordered a Tesla two years ago  still hasn't gotten it  but asâ€¦ https://t.co/P5oTA2yhtd 
Fri Jun 28 19:40:15 +0000 2019 , RT @vitelabs: Can you imagine a world where #bitcoin trading happens in under one second?   Oh wait  it's already here. Check out the publiâ€¦ 
Fri Jun 28 19:40:13 +0000 2019 , @resolutemex Forgot Bitcoin Core ğŸ˜‚ 
Fri Jun 28 19:40:13 +0000 2019 , #bitcoin Climbs 10% In Bullish Trade #_NewsLowerCase_preInvesting.comBitcoinIndex_NewsLowerCase_post _NewsLowerCaseâ€¦ https://t.co/2LYfx0yqHe 
Fri Jun 28 19:40:13 +0000 2019 , [~ğŸ“ˆPRICE CHANGEğŸ“ˆ~]  #BTCUSD   Price: 12299.00000000 Change:0.64% https://t.co/gVojP95cUw 
Fri Jun 28 19:40:13 +0000 2019 , RT @GreenMoneyToken: ğŸ60000 $KIN GiveawayğŸ  The winners will pickup from the first 1000 followers.  ğŸ¥‡30000 KINğŸ ğŸ¥ˆ20000 KINğŸ ğŸ¥‰10000 KINğŸ  1-â€¦ 
Fri Jun 28 19:40:11 +0000 2019 , #BitcoinIsBack #bitcoin #CashAppFriday https://t.co/o5UZu5kRcP 
Fri Jun 28 19:40:10 +0000 2019 , "Bitcoin surges past $13 000 then sheds about 13% - CNN" #fintech #blockchain #crypto https://t.co/Ei5uOFeOBM 
Fri Jun 28 19:40:07 +0000 2019 , Let's see if this #bitcoin correction doesn't become a larger abc one. You'll know if it fails near the recent highâ€¦ https://t.co/BcTGjh8dOC 
Fri Jun 28 19:40:47 +0000 2019 , RT @_ConnerBrown_: Volatility is good.ğŸ‘‡  1)It shakes out weak hands and makes sure Bitcoins go to the strongest of hodlers.  2) Itâ€™s free Bâ€¦ 
Fri Jun 28 19:40:47 +0000 2019 , RT @uacomment: BiTcOiN UsEs ToO MuCh EnUrGY  https://t.co/JLVsJ9LyTL 
Fri Jun 28 19:40:46 +0000 2019 , @CNBC Watch "What is AML BitCoin #ABTC?" on YouTubeğŸ‘‡ğŸ‘‡ğŸ‘‡ğŸ‘‡ğŸ‘‡ https://t.co/tdoPlyWhpw 
Fri Jun 28 19:40:45 +0000 2019 , #crypto mkt cap last hour  ğŸš€ $BTC +7.147b $ETH +583.753m $XRP +187.046m  ğŸŒ§ï¸ $DENT -2.273m $ZRX -1.132m $IOST -941.0â€¦ https://t.co/L5OtfG3D2G 
Fri Jun 28 19:40:45 +0000 2019 , RT @PeterMcCormack: Craig Wright is crying in court  Bitcoin never cries. 
Fri Jun 28 19:40:44 +0000 2019 , RT @business: Bitcoin's best quarter since 2017's bubble is ending with another rally https://t.co/2dc4SoBaij https://t.co/jTfRkP0Kfk 
Fri Jun 28 19:40:43 +0000 2019 , RT @tradedevils: Alright ğŸ˜ˆ  Todays member voted videos are:  $ETH/ USD  &amp;  $LTC/ USD  Vote for which one you want  Retweet is 40 times &amp; weâ€¦ 
Fri Jun 28 19:40:41 +0000 2019 , RT @Airdropnotecom: #Bitcoin #Satoshi #crypto #blockchain #Airdrop New Airdrop #VodiX ğŸ“¢  VodiX is airdropping 7 000 000 #VDX to their commuâ€¦ 
Fri Jun 28 19:40:41 +0000 2019 , RT @coindesk: Authorities in Iran have reportedly seized roughly 1 000 bitcoin mining machines from abandoned factories. https://t.co/a4m4yâ€¦ 
Fri Jun 28 19:40:40 +0000 2019 , RT @coindesk: Authorities in Iran have reportedly seized roughly 1 000 bitcoin mining machines from abandoned factories. https://t.co/a4m4yâ€¦ 
Fri Jun 28 19:40:40 +0000 2019 , RT @samantha_chang: Self-proclaimed bitcoin inventor Craig Wright cried in court during cross-examination in the $10 crypto billion lawsuitâ€¦ 
Fri Jun 28 19:40:37 +0000 2019 , RT @ErikVoorhees: Keep buying bitcoin until CNBC says to buy it. 
Fri Jun 28 19:40:35 +0000 2019 , RT @nic__carter: Tyler Cowen has done a full 180 on Bitcoin and Iâ€™m here for it ğŸ‘   https://t.co/NJuj6xjbo9 
Fri Jun 28 19:40:35 +0000 2019 , #btc #bitcoin #ethereum #litcoin stop loss var mÄ± bizim TÃ¼rk borsa sitelerinde mesela #paribu da yok stoploos 
Fri Jun 28 19:40:35 +0000 2019 , Authorities in Iran have reportedly seized roughly 1 000 bitcoin mining machines from abandoned factories.â€¦ https://t.co/LsVbFw7OnW 
Fri Jun 28 19:40:47 +0000 2019 , RT @_ConnerBrown_: Volatility is good.ğŸ‘‡  1)It shakes out weak hands and makes sure Bitcoins go to the strongest of hodlers.  2) Itâ€™s free Bâ€¦ 
Fri Jun 28 19:40:47 +0000 2019 , RT @uacomment: BiTcOiN UsEs ToO MuCh EnUrGY  https://t.co/JLVsJ9LyTL 
Fri Jun 28 19:40:46 +0000 2019 , @CNBC Watch "What is AML BitCoin #ABTC?" on YouTubeğŸ‘‡ğŸ‘‡ğŸ‘‡ğŸ‘‡ğŸ‘‡ https://t.co/tdoPlyWhpw 
Fri Jun 28 19:40:45 +0000 2019 , #crypto mkt cap last hour  ğŸš€ $BTC +7.147b $ETH +583.753m $XRP +187.046m  ğŸŒ§ï¸ $DENT -2.273m $ZRX -1.132m $IOST -941.0â€¦ https://t.co/L5OtfG3D2G 
Fri Jun 28 19:40:45 +0000 2019 , RT @PeterMcCormack: Craig Wright is crying in court  Bitcoin never cries. 
Fri Jun 28 19:40:44 +0000 2019 , RT @business: Bitcoin's best quarter since 2017's bubble is ending with another rally https://t.co/2dc4SoBaij https://t.co/jTfRkP0Kfk 
Fri Jun 28 19:40:43 +0000 2019 , RT @tradedevils: Alright ğŸ˜ˆ  Todays member voted videos are:  $ETH/ USD  &amp;  $LTC/ USD  Vote for which one you want  Retweet is 40 times &amp; weâ€¦ 
Fri Jun 28 19:40:41 +0000 2019 , RT @Airdropnotecom: #Bitcoin #Satoshi #crypto #blockchain #Airdrop New Airdrop #VodiX ğŸ“¢  VodiX is airdropping 7 000 000 #VDX to their commuâ€¦ 
Fri Jun 28 19:40:41 +0000 2019 , RT @coindesk: Authorities in Iran have reportedly seized roughly 1 000 bitcoin mining machines from abandoned factories. https://t.co/a4m4yâ€¦ 
Fri Jun 28 19:40:40 +0000 2019 , RT @coindesk: Authorities in Iran have reportedly seized roughly 1 000 bitcoin mining machines from abandoned factories. https://t.co/a4m4yâ€¦ 
Fri Jun 28 19:40:40 +0000 2019 , RT @samantha_chang: Self-proclaimed bitcoin inventor Craig Wright cried in court during cross-examination in the $10 crypto billion lawsuitâ€¦ 
Fri Jun 28 19:40:37 +0000 2019 , RT @ErikVoorhees: Keep buying bitcoin until CNBC says to buy it. 
Fri Jun 28 19:40:35 +0000 2019 , RT @nic__carter: Tyler Cowen has done a full 180 on Bitcoin and Iâ€™m here for it ğŸ‘   https://t.co/NJuj6xjbo9 
Fri Jun 28 19:40:35 +0000 2019 , #btc #bitcoin #ethereum #litcoin stop loss var mÄ± bizim TÃ¼rk borsa sitelerinde mesela #paribu da yok stoploos 
Fri Jun 28 19:40:35 +0000 2019 , Authorities in Iran have reportedly seized roughly 1 000 bitcoin mining machines from abandoned factories.â€¦ https://t.co/LsVbFw7OnW 
Fri Jun 28 19:40:47 +0000 2019 , RT @_ConnerBrown_: Volatility is good.ğŸ‘‡  1)It shakes out weak hands and makes sure Bitcoins go to the strongest of hodlers.  2) Itâ€™s free Bâ€¦ 
Fri Jun 28 19:40:47 +0000 2019 , RT @uacomment: BiTcOiN UsEs ToO MuCh EnUrGY  https://t.co/JLVsJ9LyTL 
Fri Jun 28 19:40:46 +0000 2019 , @CNBC Watch "What is AML BitCoin #ABTC?" on YouTubeğŸ‘‡ğŸ‘‡ğŸ‘‡ğŸ‘‡ğŸ‘‡ https://t.co/tdoPlyWhpw 
Fri Jun 28 19:40:45 +0000 2019 , #crypto mkt cap last hour  ğŸš€ $BTC +7.147b $ETH +583.753m $XRP +187.046m  ğŸŒ§ï¸ $DENT -2.273m $ZRX -1.132m $IOST -941.0â€¦ https://t.co/L5OtfG3D2G 
Fri Jun 28 19:40:45 +0000 2019 , RT @PeterMcCormack: Craig Wright is crying in court  Bitcoin never cries. 
Fri Jun 28 19:40:44 +0000 2019 , RT @business: Bitcoin's best quarter since 2017's bubble is ending with another rally https://t.co/2dc4SoBaij https://t.co/jTfRkP0Kfk 
Fri Jun 28 19:40:43 +0000 2019 , RT @tradedevils: Alright ğŸ˜ˆ  Todays member voted videos are:  $ETH/ USD  &amp;  $LTC/ USD  Vote for which one you want  Retweet is 40 times &amp; weâ€¦ 
Fri Jun 28 19:40:41 +0000 2019 , RT @Airdropnotecom: #Bitcoin #Satoshi #crypto #blockchain #Airdrop New Airdrop #VodiX ğŸ“¢  VodiX is airdropping 7 000 000 #VDX to their commuâ€¦ 
Fri Jun 28 19:40:41 +0000 2019 , RT @coindesk: Authorities in Iran have reportedly seized roughly 1 000 bitcoin mining machines from abandoned factories. https://t.co/a4m4yâ€¦ 
Fri Jun 28 19:40:40 +0000 2019 , RT @coindesk: Authorities in Iran have reportedly seized roughly 1 000 bitcoin mining machines from abandoned factories. https://t.co/a4m4yâ€¦ 
Fri Jun 28 19:40:40 +0000 2019 , RT @samantha_chang: Self-proclaimed bitcoin inventor Craig Wright cried in court during cross-examination in the $10 crypto billion lawsuitâ€¦ 
Fri Jun 28 19:40:37 +0000 2019 , RT @ErikVoorhees: Keep buying bitcoin until CNBC says to buy it. 
Fri Jun 28 19:40:35 +0000 2019 , RT @nic__carter: Tyler Cowen has done a full 180 on Bitcoin and Iâ€™m here for it ğŸ‘   https://t.co/NJuj6xjbo9 
Fri Jun 28 19:40:35 +0000 2019 , #btc #bitcoin #ethereum #litcoin stop loss var mÄ± bizim TÃ¼rk borsa sitelerinde mesela #paribu da yok stoploos 
Fri Jun 28 19:40:35 +0000 2019 , Authorities in Iran have reportedly seized roughly 1 000 bitcoin mining machines from abandoned factories.â€¦ https://t.co/LsVbFw7OnW 
Fri Jun 28 19:40:47 +0000 2019 , RT @_ConnerBrown_: Volatility is good.ğŸ‘‡  1)It shakes out weak hands and makes sure Bitcoins go to the strongest of hodlers.  2) Itâ€™s free Bâ€¦ 
Fri Jun 28 19:40:47 +0000 2019 , RT @uacomment: BiTcOiN UsEs ToO MuCh EnUrGY  https://t.co/JLVsJ9LyTL 
Fri Jun 28 19:40:46 +0000 2019 , @CNBC Watch "What is AML BitCoin #ABTC?" on YouTubeğŸ‘‡ğŸ‘‡ğŸ‘‡ğŸ‘‡ğŸ‘‡ https://t.co/tdoPlyWhpw 
Fri Jun 28 19:40:45 +0000 2019 , #crypto mkt cap last hour  ğŸš€ $BTC +7.147b $ETH +583.753m $XRP +187.046m  ğŸŒ§ï¸ $DENT -2.273m $ZRX -1.132m $IOST -941.0â€¦ https://t.co/L5OtfG3D2G 
Fri Jun 28 19:40:45 +0000 2019 , RT @PeterMcCormack: Craig Wright is crying in court  Bitcoin never cries. 
Fri Jun 28 19:40:44 +0000 2019 , RT @business: Bitcoin's best quarter since 2017's bubble is ending with another rally https://t.co/2dc4SoBaij https://t.co/jTfRkP0Kfk 
Fri Jun 28 19:40:43 +0000 2019 , RT @tradedevils: Alright ğŸ˜ˆ  Todays member voted videos are:  $ETH/ USD  &amp;  $LTC/ USD  Vote for which one you want  Retweet is 40 times &amp; weâ€¦ 
Fri Jun 28 19:40:41 +0000 2019 , RT @Airdropnotecom: #Bitcoin #Satoshi #crypto #blockchain #Airdrop New Airdrop #VodiX ğŸ“¢  VodiX is airdropping 7 000 000 #VDX to their commuâ€¦ 
Fri Jun 28 19:40:41 +0000 2019 , RT @coindesk: Authorities in Iran have reportedly seized roughly 1 000 bitcoin mining machines from abandoned factories. https://t.co/a4m4yâ€¦ 
Fri Jun 28 19:40:40 +0000 2019 , RT @coindesk: Authorities in Iran have reportedly seized roughly 1 000 bitcoin mining machines from abandoned factories. https://t.co/a4m4yâ€¦ 
Fri Jun 28 19:40:40 +0000 2019 , RT @samantha_chang: Self-proclaimed bitcoin inventor Craig Wright cried in court during cross-examination in the $10 crypto billion lawsuitâ€¦ 
Fri Jun 28 19:40:37 +0000 2019 , RT @ErikVoorhees: Keep buying bitcoin until CNBC says to buy it. 
Fri Jun 28 19:40:35 +0000 2019 , RT @nic__carter: Tyler Cowen has done a full 180 on Bitcoin and Iâ€™m here for it ğŸ‘   https://t.co/NJuj6xjbo9 
Fri Jun 28 19:40:35 +0000 2019 , #btc #bitcoin #ethereum #litcoin stop loss var mÄ± bizim TÃ¼rk borsa sitelerinde mesela #paribu da yok stoploos 
Fri Jun 28 19:40:35 +0000 2019 , Authorities in Iran have reportedly seized roughly 1 000 bitcoin mining machines from abandoned factories.â€¦ https://t.co/LsVbFw7OnW 
Fri Jun 28 19:41:09 +0000 2019 , @gator_bitcoin Why such a specific figure? 
Fri Jun 28 19:41:08 +0000 2019 , Diar: mercado de tether en China sugiere que volumen de bitcoin no estÃ¡ manipulado https://t.co/0K1sFkANou https://t.co/ksq0b2PBKl 
Fri Jun 28 19:41:06 +0000 2019 , RT @CIA_News: That's it! We are live at https://t.co/GK6OTRSphc    For the launch of our crypto news  analysis and tutorial website  we proâ€¦ 
Fri Jun 28 19:41:02 +0000 2019 , RT @smartvotingbot: It looks like people expect more than $30000 peak at the end of this bull run! #Bitcoin https://t.co/56swvFToJB 
Fri Jun 28 19:41:00 +0000 2019 , Bitmex Premium Bot is helping investors to make faster decisions! â€“ BitcoinÂ Forum https://t.co/VTCHtO44qx 
Fri Jun 28 19:40:59 +0000 2019 , @IntelIndia #Bitcoin 
Fri Jun 28 19:40:56 +0000 2019 , RT @HotForForex: #Trading #markets Meet The Woman Who Sells Luxury To #Cryptocurrency #Crypto Millionaires @thewcomp via @forbes @ginadav #â€¦ 
Fri Jun 28 19:40:54 +0000 2019 , @RaheemKassam @erikfinman True. The important part is that you're growing your capital. (Disclosure: Acorns and traâ€¦ https://t.co/Ep3DXtjism 
Fri Jun 28 19:40:54 +0000 2019 , RT @APompliano: REMINDER: Bitcoin is the best performing asset over the last decade. 
Fri Jun 28 19:40:54 +0000 2019 , RT @TimDraper: Would you switch airlines to get rewarded in bitcoin rather than airline miles? 
Fri Jun 28 19:40:52 +0000 2019 , RT @zerohedge: Top assets in H1:  #1 Bitcoin +194%   #2 iron ore 67%   #3 Russian equities 33%   #4 WTI oil 31%   #5 tech stocks 23%. 
Fri Jun 28 19:40:51 +0000 2019 , ğŸ—£ï¸DOES AGOD VERSE COMPETE WITH JAY-Z?ğŸ‘‚Listen and find out (JAY-Z REMIX) @agodgmt (B12 BOMBER)  . . .â€¦ https://t.co/iLxrLq9PSd 
Fri Jun 28 19:40:47 +0000 2019 , RT @_ConnerBrown_: Volatility is good.ğŸ‘‡  1)It shakes out weak hands and makes sure Bitcoins go to the strongest of hodlers.  2) Itâ€™s free Bâ€¦ 
Fri Jun 28 19:41:09 +0000 2019 , @gator_bitcoin Why such a specific figure? 
Fri Jun 28 19:41:08 +0000 2019 , Diar: mercado de tether en China sugiere que volumen de bitcoin no estÃ¡ manipulado https://t.co/0K1sFkANou https://t.co/ksq0b2PBKl 
Fri Jun 28 19:41:06 +0000 2019 , RT @CIA_News: That's it! We are live at https://t.co/GK6OTRSphc    For the launch of our crypto news  analysis and tutorial website  we proâ€¦ 
Fri Jun 28 19:41:02 +0000 2019 , RT @smartvotingbot: It looks like people expect more than $30000 peak at the end of this bull run! #Bitcoin https://t.co/56swvFToJB 
Fri Jun 28 19:41:00 +0000 2019 , Bitmex Premium Bot is helping investors to make faster decisions! â€“ BitcoinÂ Forum https://t.co/VTCHtO44qx 
Fri Jun 28 19:40:59 +0000 2019 , @IntelIndia #Bitcoin 
Fri Jun 28 19:40:56 +0000 2019 , RT @HotForForex: #Trading #markets Meet The Woman Who Sells Luxury To #Cryptocurrency #Crypto Millionaires @thewcomp via @forbes @ginadav #â€¦ 
Fri Jun 28 19:40:54 +0000 2019 , @RaheemKassam @erikfinman True. The important part is that you're growing your capital. (Disclosure: Acorns and traâ€¦ https://t.co/Ep3DXtjism 
Fri Jun 28 19:40:54 +0000 2019 , RT @APompliano: REMINDER: Bitcoin is the best performing asset over the last decade. 
Fri Jun 28 19:40:54 +0000 2019 , RT @TimDraper: Would you switch airlines to get rewarded in bitcoin rather than airline miles? 
Fri Jun 28 19:40:52 +0000 2019 , RT @zerohedge: Top assets in H1:  #1 Bitcoin +194%   #2 iron ore 67%   #3 Russian equities 33%   #4 WTI oil 31%   #5 tech stocks 23%. 
Fri Jun 28 19:40:51 +0000 2019 , ğŸ—£ï¸DOES AGOD VERSE COMPETE WITH JAY-Z?ğŸ‘‚Listen and find out (JAY-Z REMIX) @agodgmt (B12 BOMBER)  . . .â€¦ https://t.co/iLxrLq9PSd 
Fri Jun 28 19:40:47 +0000 2019 , RT @_ConnerBrown_: Volatility is good.ğŸ‘‡  1)It shakes out weak hands and makes sure Bitcoins go to the strongest of hodlers.  2) Itâ€™s free Bâ€¦ 
Fri Jun 28 19:41:09 +0000 2019 , @gator_bitcoin Why such a specific figure? 
Fri Jun 28 19:41:08 +0000 2019 , Diar: mercado de tether en China sugiere que volumen de bitcoin no estÃ¡ manipulado https://t.co/0K1sFkANou https://t.co/ksq0b2PBKl 
Fri Jun 28 19:41:06 +0000 2019 , RT @CIA_News: That's it! We are live at https://t.co/GK6OTRSphc    For the launch of our crypto news  analysis and tutorial website  we proâ€¦ 
Fri Jun 28 19:41:02 +0000 2019 , RT @smartvotingbot: It looks like people expect more than $30000 peak at the end of this bull run! #Bitcoin https://t.co/56swvFToJB 
Fri Jun 28 19:41:00 +0000 2019 , Bitmex Premium Bot is helping investors to make faster decisions! â€“ BitcoinÂ Forum https://t.co/VTCHtO44qx 
Fri Jun 28 19:40:59 +0000 2019 , @IntelIndia #Bitcoin 
Fri Jun 28 19:40:56 +0000 2019 , RT @HotForForex: #Trading #markets Meet The Woman Who Sells Luxury To #Cryptocurrency #Crypto Millionaires @thewcomp via @forbes @ginadav #â€¦ 
Fri Jun 28 19:40:54 +0000 2019 , @RaheemKassam @erikfinman True. The important part is that you're growing your capital. (Disclosure: Acorns and traâ€¦ https://t.co/Ep3DXtjism 
Fri Jun 28 19:40:54 +0000 2019 , RT @APompliano: REMINDER: Bitcoin is the best performing asset over the last decade. 
Fri Jun 28 19:40:54 +0000 2019 , RT @TimDraper: Would you switch airlines to get rewarded in bitcoin rather than airline miles? 
Fri Jun 28 19:40:52 +0000 2019 , RT @zerohedge: Top assets in H1:  #1 Bitcoin +194%   #2 iron ore 67%   #3 Russian equities 33%   #4 WTI oil 31%   #5 tech stocks 23%. 
Fri Jun 28 19:40:51 +0000 2019 , ğŸ—£ï¸DOES AGOD VERSE COMPETE WITH JAY-Z?ğŸ‘‚Listen and find out (JAY-Z REMIX) @agodgmt (B12 BOMBER)  . . .â€¦ https://t.co/iLxrLq9PSd 
Fri Jun 28 19:40:47 +0000 2019 , RT @_ConnerBrown_: Volatility is good.ğŸ‘‡  1)It shakes out weak hands and makes sure Bitcoins go to the strongest of hodlers.  2) Itâ€™s free Bâ€¦ 
Fri Jun 28 19:41:09 +0000 2019 , @gator_bitcoin Why such a specific figure? 
Fri Jun 28 19:41:08 +0000 2019 , Diar: mercado de tether en China sugiere que volumen de bitcoin no estÃ¡ manipulado https://t.co/0K1sFkANou https://t.co/ksq0b2PBKl 
Fri Jun 28 19:41:06 +0000 2019 , RT @CIA_News: That's it! We are live at https://t.co/GK6OTRSphc    For the launch of our crypto news  analysis and tutorial website  we proâ€¦ 
Fri Jun 28 19:41:02 +0000 2019 , RT @smartvotingbot: It looks like people expect more than $30000 peak at the end of this bull run! #Bitcoin https://t.co/56swvFToJB 
Fri Jun 28 19:41:00 +0000 2019 , Bitmex Premium Bot is helping investors to make faster decisions! â€“ BitcoinÂ Forum https://t.co/VTCHtO44qx 
Fri Jun 28 19:40:59 +0000 2019 , @IntelIndia #Bitcoin 
Fri Jun 28 19:40:56 +0000 2019 , RT @HotForForex: #Trading #markets Meet The Woman Who Sells Luxury To #Cryptocurrency #Crypto Millionaires @thewcomp via @forbes @ginadav #â€¦ 
Fri Jun 28 19:40:54 +0000 2019 , @RaheemKassam @erikfinman True. The important part is that you're growing your capital. (Disclosure: Acorns and traâ€¦ https://t.co/Ep3DXtjism 
Fri Jun 28 19:40:54 +0000 2019 , RT @APompliano: REMINDER: Bitcoin is the best performing asset over the last decade. 
Fri Jun 28 19:40:54 +0000 2019 , RT @TimDraper: Would you switch airlines to get rewarded in bitcoin rather than airline miles? 
Fri Jun 28 19:40:52 +0000 2019 , RT @zerohedge: Top assets in H1:  #1 Bitcoin +194%   #2 iron ore 67%   #3 Russian equities 33%   #4 WTI oil 31%   #5 tech stocks 23%. 
Fri Jun 28 19:40:51 +0000 2019 , ğŸ—£ï¸DOES AGOD VERSE COMPETE WITH JAY-Z?ğŸ‘‚Listen and find out (JAY-Z REMIX) @agodgmt (B12 BOMBER)  . . .â€¦ https://t.co/iLxrLq9PSd 
Fri Jun 28 19:40:47 +0000 2019 , RT @_ConnerBrown_: Volatility is good.ğŸ‘‡  1)It shakes out weak hands and makes sure Bitcoins go to the strongest of hodlers.  2) Itâ€™s free Bâ€¦ 
Fri Jun 28 19:41:27 +0000 2019 , Bitcoin is flying so high now 1btc =$12 304.13 today . The best time to earn some bitcoin. Get into the bitcoin comâ€¦ https://t.co/9uV3F2nwdS 
Fri Jun 28 19:41:26 +0000 2019 , RT @TimDraper: Would you switch airlines to get rewarded in bitcoin rather than airline miles? 
Fri Jun 28 19:41:24 +0000 2019 , Buy/Sell Bitcoin volatility with up to 100x Leverage at PrimeXBT! ğŸ‘‘ğŸ¤©  Register today and turn your $150 into $15000â€¦ https://t.co/t5si7A9OfP 
Fri Jun 28 19:41:24 +0000 2019 , @CNBC AML BitCoin #ABTC-ğŸ”¥ğŸ‡ºğŸ‡¸ @POTUS @VP @keptitlit @amlbtc ğŸ¯ğŸŒ‹ğŸŒ‹ğŸŒ‹ğŸŒ‹Dan/Crypto Camacho-Why This ICO #ABTC Could Be the Bâ€¦ https://t.co/G7lv7zbqqr 
Fri Jun 28 19:41:24 +0000 2019 , RT @CIA_News: That's it! We are live at https://t.co/GK6OTRSphc    For the launch of our crypto news  analysis and tutorial website  we proâ€¦ 
Fri Jun 28 19:41:23 +0000 2019 , Auto Draft https://t.co/2BXu3RLRgk 
Fri Jun 28 19:41:22 +0000 2019 , RT @vitelabs: Can you imagine a world where #bitcoin trading happens in under one second?   Oh wait  it's already here. Check out the publiâ€¦ 
Fri Jun 28 19:41:22 +0000 2019 , @ShawnaTatsu 15 bitcoin sur madame 
Fri Jun 28 19:41:21 +0000 2019 , please take my tweets very serious #bitcoin2019 #Bitcoin bull 
Fri Jun 28 19:41:20 +0000 2019 , #bitcoin this is my pattern ğŸ˜Š 
Fri Jun 28 19:41:20 +0000 2019 , @bitcoinist #securypto many blcokchain competing to make lightning network chain.. That's good.. #cryptocurrency #bitcoin #altcoin 
Fri Jun 28 19:41:19 +0000 2019 , RT @dliedtka: The Australian man who claims he created Bitcoin said in court that he canâ€™t produce a list of all his early Bitcoin addresseâ€¦ 
Fri Jun 28 19:41:18 +0000 2019 , RT @Rhythmtrader: Fiat addicts you to spending.  Bitcoin addicts you to  saving. 
Fri Jun 28 19:41:18 +0000 2019 , RT @CIA_News: That's it! We are live at https://t.co/GK6OTRSphc    For the launch of our crypto news  analysis and tutorial website  we proâ€¦ 
Fri Jun 28 19:41:18 +0000 2019 , RT @nocksapp: NCKS Utility: Weâ€™re not after the usual change in finance   https://t.co/B1T6wHi8Sj  #ieo #blockchain #cryptocurrency #exchanâ€¦ 
Fri Jun 28 19:41:27 +0000 2019 , Bitcoin is flying so high now 1btc =$12 304.13 today . The best time to earn some bitcoin. Get into the bitcoin comâ€¦ https://t.co/9uV3F2nwdS 
Fri Jun 28 19:41:26 +0000 2019 , RT @TimDraper: Would you switch airlines to get rewarded in bitcoin rather than airline miles? 
Fri Jun 28 19:41:24 +0000 2019 , Buy/Sell Bitcoin volatility with up to 100x Leverage at PrimeXBT! ğŸ‘‘ğŸ¤©  Register today and turn your $150 into $15000â€¦ https://t.co/t5si7A9OfP 
Fri Jun 28 19:41:24 +0000 2019 , @CNBC AML BitCoin #ABTC-ğŸ”¥ğŸ‡ºğŸ‡¸ @POTUS @VP @keptitlit @amlbtc ğŸ¯ğŸŒ‹ğŸŒ‹ğŸŒ‹ğŸŒ‹Dan/Crypto Camacho-Why This ICO #ABTC Could Be the Bâ€¦ https://t.co/G7lv7zbqqr 
Fri Jun 28 19:41:24 +0000 2019 , RT @CIA_News: That's it! We are live at https://t.co/GK6OTRSphc    For the launch of our crypto news  analysis and tutorial website  we proâ€¦ 
Fri Jun 28 19:41:23 +0000 2019 , Auto Draft https://t.co/2BXu3RLRgk 
Fri Jun 28 19:41:22 +0000 2019 , RT @vitelabs: Can you imagine a world where #bitcoin trading happens in under one second?   Oh wait  it's already here. Check out the publiâ€¦ 
Fri Jun 28 19:41:22 +0000 2019 , @ShawnaTatsu 15 bitcoin sur madame 
Fri Jun 28 19:41:21 +0000 2019 , please take my tweets very serious #bitcoin2019 #Bitcoin bull 
Fri Jun 28 19:41:20 +0000 2019 , #bitcoin this is my pattern ğŸ˜Š 
Fri Jun 28 19:41:20 +0000 2019 , @bitcoinist #securypto many blcokchain competing to make lightning network chain.. That's good.. #cryptocurrency #bitcoin #altcoin 
Fri Jun 28 19:41:19 +0000 2019 , RT @dliedtka: The Australian man who claims he created Bitcoin said in court that he canâ€™t produce a list of all his early Bitcoin addresseâ€¦ 
Fri Jun 28 19:41:18 +0000 2019 , RT @Rhythmtrader: Fiat addicts you to spending.  Bitcoin addicts you to  saving. 
Fri Jun 28 19:41:18 +0000 2019 , RT @CIA_News: That's it! We are live at https://t.co/GK6OTRSphc    For the launch of our crypto news  analysis and tutorial website  we proâ€¦ 
Fri Jun 28 19:41:18 +0000 2019 , RT @nocksapp: NCKS Utility: Weâ€™re not after the usual change in finance   https://t.co/B1T6wHi8Sj  #ieo #blockchain #cryptocurrency #exchanâ€¦ 
Fri Jun 28 19:41:27 +0000 2019 , Bitcoin is flying so high now 1btc =$12 304.13 today . The best time to earn some bitcoin. Get into the bitcoin comâ€¦ https://t.co/9uV3F2nwdS 
Fri Jun 28 19:41:26 +0000 2019 , RT @TimDraper: Would you switch airlines to get rewarded in bitcoin rather than airline miles? 
Fri Jun 28 19:41:24 +0000 2019 , Buy/Sell Bitcoin volatility with up to 100x Leverage at PrimeXBT! ğŸ‘‘ğŸ¤©  Register today and turn your $150 into $15000â€¦ https://t.co/t5si7A9OfP 
Fri Jun 28 19:41:24 +0000 2019 , @CNBC AML BitCoin #ABTC-ğŸ”¥ğŸ‡ºğŸ‡¸ @POTUS @VP @keptitlit @amlbtc ğŸ¯ğŸŒ‹ğŸŒ‹ğŸŒ‹ğŸŒ‹Dan/Crypto Camacho-Why This ICO #ABTC Could Be the Bâ€¦ https://t.co/G7lv7zbqqr 
Fri Jun 28 19:41:24 +0000 2019 , RT @CIA_News: That's it! We are live at https://t.co/GK6OTRSphc    For the launch of our crypto news  analysis and tutorial website  we proâ€¦ 
Fri Jun 28 19:41:23 +0000 2019 , Auto Draft https://t.co/2BXu3RLRgk 
Fri Jun 28 19:41:22 +0000 2019 , RT @vitelabs: Can you imagine a world where #bitcoin trading happens in under one second?   Oh wait  it's already here. Check out the publiâ€¦ 
Fri Jun 28 19:41:22 +0000 2019 , @ShawnaTatsu 15 bitcoin sur madame 
Fri Jun 28 19:41:21 +0000 2019 , please take my tweets very serious #bitcoin2019 #Bitcoin bull 
Fri Jun 28 19:41:20 +0000 2019 , #bitcoin this is my pattern ğŸ˜Š 
Fri Jun 28 19:41:20 +0000 2019 , @bitcoinist #securypto many blcokchain competing to make lightning network chain.. That's good.. #cryptocurrency #bitcoin #altcoin 
Fri Jun 28 19:41:19 +0000 2019 , RT @dliedtka: The Australian man who claims he created Bitcoin said in court that he canâ€™t produce a list of all his early Bitcoin addresseâ€¦ 
Fri Jun 28 19:41:18 +0000 2019 , RT @Rhythmtrader: Fiat addicts you to spending.  Bitcoin addicts you to  saving. 
Fri Jun 28 19:41:18 +0000 2019 , RT @CIA_News: That's it! We are live at https://t.co/GK6OTRSphc    For the launch of our crypto news  analysis and tutorial website  we proâ€¦ 
Fri Jun 28 19:41:18 +0000 2019 , RT @nocksapp: NCKS Utility: Weâ€™re not after the usual change in finance   https://t.co/B1T6wHi8Sj  #ieo #blockchain #cryptocurrency #exchanâ€¦ 
Fri Jun 28 19:41:27 +0000 2019 , Bitcoin is flying so high now 1btc =$12 304.13 today . The best time to earn some bitcoin. Get into the bitcoin comâ€¦ https://t.co/9uV3F2nwdS 
Fri Jun 28 19:41:26 +0000 2019 , RT @TimDraper: Would you switch airlines to get rewarded in bitcoin rather than airline miles? 
Fri Jun 28 19:41:24 +0000 2019 , Buy/Sell Bitcoin volatility with up to 100x Leverage at PrimeXBT! ğŸ‘‘ğŸ¤©  Register today and turn your $150 into $15000â€¦ https://t.co/t5si7A9OfP 
Fri Jun 28 19:41:24 +0000 2019 , @CNBC AML BitCoin #ABTC-ğŸ”¥ğŸ‡ºğŸ‡¸ @POTUS @VP @keptitlit @amlbtc ğŸ¯ğŸŒ‹ğŸŒ‹ğŸŒ‹ğŸŒ‹Dan/Crypto Camacho-Why This ICO #ABTC Could Be the Bâ€¦ https://t.co/G7lv7zbqqr 
Fri Jun 28 19:41:24 +0000 2019 , RT @CIA_News: That's it! We are live at https://t.co/GK6OTRSphc    For the launch of our crypto news  analysis and tutorial website  we proâ€¦ 
Fri Jun 28 19:41:23 +0000 2019 , Auto Draft https://t.co/2BXu3RLRgk 
Fri Jun 28 19:41:22 +0000 2019 , RT @vitelabs: Can you imagine a world where #bitcoin trading happens in under one second?   Oh wait  it's already here. Check out the publiâ€¦ 
Fri Jun 28 19:41:22 +0000 2019 , @ShawnaTatsu 15 bitcoin sur madame 
Fri Jun 28 19:41:21 +0000 2019 , please take my tweets very serious #bitcoin2019 #Bitcoin bull 
Fri Jun 28 19:41:20 +0000 2019 , #bitcoin this is my pattern ğŸ˜Š 
Fri Jun 28 19:41:20 +0000 2019 , @bitcoinist #securypto many blcokchain competing to make lightning network chain.. That's good.. #cryptocurrency #bitcoin #altcoin 
Fri Jun 28 19:41:19 +0000 2019 , RT @dliedtka: The Australian man who claims he created Bitcoin said in court that he canâ€™t produce a list of all his early Bitcoin addresseâ€¦ 
Fri Jun 28 19:41:18 +0000 2019 , RT @Rhythmtrader: Fiat addicts you to spending.  Bitcoin addicts you to  saving. 
Fri Jun 28 19:41:18 +0000 2019 , RT @CIA_News: That's it! We are live at https://t.co/GK6OTRSphc    For the launch of our crypto news  analysis and tutorial website  we proâ€¦ 
Fri Jun 28 19:41:18 +0000 2019 , RT @nocksapp: NCKS Utility: Weâ€™re not after the usual change in finance   https://t.co/B1T6wHi8Sj  #ieo #blockchain #cryptocurrency #exchanâ€¦ 
Fri Jun 28 19:41:51 +0000 2019 , Hey @BrettArends - why so quiet? You said so much shit in your article  but you sure are nowhere to be found when iâ€¦ https://t.co/EFnBPUZD0F 
Fri Jun 28 19:41:46 +0000 2019 , @BNNBloomberg and Bitcoin is pumping.....AGAIN! 
Fri Jun 28 19:41:44 +0000 2019 , RT @AlppIsik: 3 boyutlu yazÄ±cÄ±dan taze taze Ã§Ä±ktÄ± :) Twitter'dan hediye et diye Ã§ok fazla istek gelmiÅŸti. Bu tweet'i RT yapan ve kripto parâ€¦ 
Fri Jun 28 19:41:42 +0000 2019 , RT @coindesk: Authorities in Iran have reportedly seized roughly 1 000 bitcoin mining machines from abandoned factories. https://t.co/a4m4yâ€¦ 
Fri Jun 28 19:41:42 +0000 2019 , @Arsenal49notout You canâ€™t print bitcoin or litecoin and central banks have no control over it. Thatâ€™s why people lâ€¦ https://t.co/trehKqm3M9 
Fri Jun 28 19:41:41 +0000 2019 , #YallNeedCrypto #Permissionless #Demonetization #BlackPigeon #Bitcoin https://t.co/GK27VwfKU8 
Fri Jun 28 19:41:41 +0000 2019 , @alegw @adamscrabble @ralinaresg what are reasonable or practical ways to move wealth into bitcoin in venezuela? hoâ€¦ https://t.co/bjPJlfbio8 
Fri Jun 28 19:41:39 +0000 2019 , People around the world are leaving the unstable  unpredictable markets of traditional assets and storing more andâ€¦ https://t.co/W2wRoRQ7H0 
Fri Jun 28 19:41:39 +0000 2019 , RT @BullyEsq: No Iâ€™d sell them and buy fucking bitcoin duh https://t.co/nEFJhf5mG6 
Fri Jun 28 19:41:38 +0000 2019 , The majority of  #altcoins are bleeding hard against their $BTC pair. Some are even trading at lower prices (SAT vaâ€¦ https://t.co/Vq6yzZdY07 
Fri Jun 28 19:41:38 +0000 2019 , Long/Short Bitcoin &amp; altcoin changes with up to 100x Leverage at PrimeXBT! ğŸ¤©ğŸ¤©  Sign up straight away and turn yourâ€¦ https://t.co/TMbLt8KxJv 
Fri Jun 28 19:41:51 +0000 2019 , Hey @BrettArends - why so quiet? You said so much shit in your article  but you sure are nowhere to be found when iâ€¦ https://t.co/EFnBPUZD0F 
Fri Jun 28 19:41:46 +0000 2019 , @BNNBloomberg and Bitcoin is pumping.....AGAIN! 
Fri Jun 28 19:41:44 +0000 2019 , RT @AlppIsik: 3 boyutlu yazÄ±cÄ±dan taze taze Ã§Ä±ktÄ± :) Twitter'dan hediye et diye Ã§ok fazla istek gelmiÅŸti. Bu tweet'i RT yapan ve kripto parâ€¦ 
Fri Jun 28 19:41:42 +0000 2019 , RT @coindesk: Authorities in Iran have reportedly seized roughly 1 000 bitcoin mining machines from abandoned factories. https://t.co/a4m4yâ€¦ 
Fri Jun 28 19:41:42 +0000 2019 , @Arsenal49notout You canâ€™t print bitcoin or litecoin and central banks have no control over it. Thatâ€™s why people lâ€¦ https://t.co/trehKqm3M9 
Fri Jun 28 19:41:41 +0000 2019 , #YallNeedCrypto #Permissionless #Demonetization #BlackPigeon #Bitcoin https://t.co/GK27VwfKU8 
Fri Jun 28 19:41:41 +0000 2019 , @alegw @adamscrabble @ralinaresg what are reasonable or practical ways to move wealth into bitcoin in venezuela? hoâ€¦ https://t.co/bjPJlfbio8 
Fri Jun 28 19:41:39 +0000 2019 , People around the world are leaving the unstable  unpredictable markets of traditional assets and storing more andâ€¦ https://t.co/W2wRoRQ7H0 
Fri Jun 28 19:41:39 +0000 2019 , RT @BullyEsq: No Iâ€™d sell them and buy fucking bitcoin duh https://t.co/nEFJhf5mG6 
Fri Jun 28 19:41:38 +0000 2019 , The majority of  #altcoins are bleeding hard against their $BTC pair. Some are even trading at lower prices (SAT vaâ€¦ https://t.co/Vq6yzZdY07 
Fri Jun 28 19:41:38 +0000 2019 , Long/Short Bitcoin &amp; altcoin changes with up to 100x Leverage at PrimeXBT! ğŸ¤©ğŸ¤©  Sign up straight away and turn yourâ€¦ https://t.co/TMbLt8KxJv 
